{
    "fileOpen": "Datei öffnen",
    "configOpen": "SimpleVTT-Konfigurationsdatei öffnen",
    "vttSave": "VTT-Zustand speichern",
    "enemy": "Gegner",
    "radius": "Radius",
    "length": "Kantenlänge",
    "distance": "Distanz",
    "zoom": "Zoom",
    "resourceError": "Die Ressource existiert nicht!",
    "resourceErrorTitle": "Datei nicht gefunden",
    "JSONError": "Die Konfiguration konnte nicht geladen werden. Möglicherweise ist die Datei nicht wohlgeformt.",
    "JSONErrorTitle": "Parsing-Error",
    "okay": "OK",
    "token": "Token",
    "background": "Hintergrund",
    "tokenName": "Token-Bild",
    "configName": "Konfigurationsdatei",
    "external": "Soll das Bild als Token oder Hintergrund geladen werden?",
    "externalTitle": "Bild einfügen"
}